Country,Average AQI
Afghanistan,249
Andorra,24
Angola,42
Armenia,95
Australia,11
Austria,114
Bangladesh,163
Belgium,105
Belize,34
Benin,73
Bolivia,10
Bosnia and Herzegovina,111
Brazil,22
Bulgaria,50
Cameroon,96
Canada,32
Cape Verde,12
Chile,46
China,53
Colombi,69
Costa Rica,28
Croatia,115
Cuba,8
Czech Republic,155
Denmark,23
Ecuador,14
Ethiopia,63
Finland,49
France,60
Gabon,94
Gambia,14
Germany,78
Ghana,103
Greece,55
Grenada,10
Guatemala,127
Haiti,7
Honduras,46
Hungary,126
Iceland,14
India,189
Indonesia,80
Ireland,56
Israel,89
Italy,73
Japan,56
Jordan,106
Kazakhstan,119
Kenya,65
Korea,130
Kuwait,74
Lebanon,65
Liberia,83
Lithuania,88
Luxembourg,66
Macedonia,91
Malawi,57
Maldives,58
Mali,268
Mexico,90
Micronesia,2
Monaco,157
Morocco,59
Myanmar,152
Nepa,185
Netherlands,68
New Zealand,4
Niger,122
Nigeria,157
Oman,102
Pakistan,283
Panama,24
Papua New Guinea,49
Peru,34
Philippines,64
Poland,156
Portugal,19
Romania,94
Russia,53
Saint Kitts and Nevis,3
Samoa,39
Senegal,68
Slovenia,52
South Africa,44
Spain,29
Sri Lanka,107
Sudan,89
Sweden,28
Switzerland,93
Thailand,101
Togo,104
Tonga,11
Turkey,42
Uganda,157
Ukraine,134
United Kingdom,49
United States,59
Venezuela,38
Vietnam,94
